{
  "experiment_date": "2025-11-07T01:47:59.342735",
  "config": {
    "epochs": 30,
    "batch_size": 256,
    "learning_rate": 0.001,
    "poison_rate": 0.1,
    "noise_std": 0.01
  },
  "clean": {
    "test": {
      "accuracy": 0.502065,
      "precision": 0.5010452996947624,
      "recall": 0.98982,
      "f1_score": 0.6653111567428777,
      "auc_roc": 0.7758491594,
      "true_negative": 1431,
      "false_positive": 98569,
      "false_negative": 1018,
      "true_positive": 98982,
      "specificity": 0.01431
    }
  },
  "poisoned": {
    "test": {
      "accuracy": 0.630425,
      "precision": 0.5784742570742655,
      "recall": 0.96143,
      "f1_score": 0.7223338755301445,
      "auc_roc": 0.8368520963000001,
      "true_negative": 29942,
      "false_positive": 70058,
      "false_negative": 3857,
      "true_positive": 96143,
      "specificity": 0.29942
    }
  },
  "noisy": {
    "test": {
      "accuracy": 0.5,
      "precision": 0.0,
      "recall": 0.0,
      "f1_score": 0.0,
      "auc_roc": 0.5,
      "true_negative": 100000,
      "false_positive": 0,
      "false_negative": 100000,
      "true_positive": 0,
      "specificity": 1.0
    }
  }
}