{
  "n_removed": 9043,
  "n_remaining": 590957,
  "removal_rate": 0.015071666666666667,
  "ground_truth": {
    "n_poison": 9000,
    "true_positives": 297,
    "false_positives": 8746,
    "true_negatives": 582254,
    "false_negatives": 8703,
    "precision": 0.032843083047661176,
    "recall": 0.033,
    "f1_score": 0.032921354541927614
  }
}