{
  "n_removed": 2911,
  "n_remaining": 597089,
  "removal_rate": 0.0048516666666666665,
  "ground_truth": {
    "n_poison": 3000,
    "true_positives": 26,
    "false_positives": 2885,
    "true_negatives": 594115,
    "false_negatives": 2974,
    "precision": 0.008931638612160769,
    "recall": 0.008666666666666666,
    "f1_score": 0.008797157841312806
  }
}