{
  "experiment_date": "2025-11-12T13:22:58.026931",
  "config": {
    "data_dir": "dataset/ember2018",
    "epochs": 10,
    "batch_size": 256,
    "learning_rate": 0.001,
    "dropout_rate": 0.5,
    "weight_decay": 1e-05,
    "poison_rate": 0.2,
    "noise_std": 0.0001,
    "attack_type": "Label Flipping (Malware->Benign)",
    "corr_threshold": 0.98,
    "mi_top_k": 17
  },
  "clean": {
    "test": {
      "accuracy": 0.694165,
      "precision": 0.6527186779823657,
      "recall": 0.82986,
      "f1_score": 0.7307067478504352,
      "auc_roc": 0.73656867545,
      "true_negative": 55847,
      "false_positive": 44153,
      "false_negative": 17014,
      "true_positive": 82986,
      "specificity": 0.55847,
      "optimal_threshold": 0.4555555555555556
    }
  },
  "poisoned": {
    "test": {
      "accuracy": 0.63089,
      "precision": 0.5791995933827889,
      "recall": 0.95722,
      "f1_score": 0.7217057595017831,
      "auc_roc": 0.71707097425,
      "true_negative": 30456,
      "false_positive": 69544,
      "false_negative": 4278,
      "true_positive": 95722,
      "specificity": 0.30456,
      "optimal_threshold": 0.44747474747474747
    }
  },
  "poisoning_info": {
    "total_malware": 300000,
    "poisoned_samples": 60000,
    "poison_rate": 0.2,
    "attack_type": "Label Flipping (Malware->Benign)",
    "poison_indices_sample": [
      59401,
      145261,
      269124,
      598953,
      383877,
      108834,
      514984,
      294913,
      182294,
      470252,
      334808,
      349521,
      240271,
      509868,
      427423,
      505286,
      543004,
      451856,
      598338,
      475265,
      188432,
      528792,
      138063,
      224914,
      272538,
      454015,
      191421,
      442776,
      163354,
      565276,
      167031,
      593650,
      102139,
      444537,
      545407,
      596173,
      315339,
      138065,
      91624,
      227606,
      175087,
      124203,
      186705,
      306545,
      108638,
      156171,
      293188,
      337702,
      102942,
      556966,
      267731,
      417837,
      473333,
      173114,
      207759,
      529596,
      321848,
      341848,
      289215,
      559400,
      441071,
      238065,
      97752,
      64473,
      208012,
      207981,
      340734,
      590958,
      216884,
      238853,
      77294,
      362119,
      364861,
      140512,
      200804,
      560127,
      168413,
      351380,
      593916,
      420600,
      276290,
      228771,
      526034,
      160272,
      575426,
      428980,
      263924,
      192881,
      90736,
      83115,
      483227,
      199031,
      534905,
      555000,
      345796,
      223927,
      452264,
      514211,
      583056,
      409294
    ]
  },
  "noisy": {
    "test": {
      "accuracy": 0.671315,
      "precision": 0.6182436862847953,
      "recall": 0.89573,
      "f1_score": 0.7315575193051376,
      "auc_roc": 0.721369052,
      "true_negative": 44690,
      "false_positive": 55310,
      "false_negative": 10427,
      "true_positive": 89573,
      "specificity": 0.4469
    }
  },
  "noise_statistics": {
    "fc1.weight": {
      "shape": [
        4000,
        17
      ],
      "noise_std": 0.0001,
      "mean_shift": -2.0954757928848267e-08,
      "std_change": 4.6938657760620117e-07,
      "original_mean": -0.002695672446861863,
      "original_std": 0.0689694732427597,
      "new_mean": -0.002695693401619792,
      "new_std": 0.06896994262933731
    },
    "bn1.weight": {
      "shape": [
        4000
      ],
      "noise_std": 0.0001,
      "mean_shift": 3.0547380447387695e-06,
      "std_change": 1.3262033462524414e-06,
      "original_mean": 0.23994295299053192,
      "original_std": 0.20858734846115112,
      "new_mean": 0.23994600772857666,
      "new_std": 0.20858867466449738
    },
    "fc2.weight": {
      "shape": [
        2000,
        4000
      ],
      "noise_std": 0.0001,
      "mean_shift": -1.6283593140542507e-08,
      "std_change": 2.6635825634002686e-07,
      "original_mean": 0.00012240346404723823,
      "original_std": 0.018356282263994217,
      "new_mean": 0.0001223871804540977,
      "new_std": 0.018356548622250557
    },
    "bn2.weight": {
      "shape": [
        2000
      ],
      "noise_std": 0.0001,
      "mean_shift": 9.834766387939453e-07,
      "std_change": 9.5367431640625e-07,
      "original_mean": 0.48542508482933044,
      "original_std": 0.16549967229366302,
      "new_mean": 0.48542606830596924,
      "new_std": 0.16550062596797943
    },
    "fc3.weight": {
      "shape": [
        100,
        2000
      ],
      "noise_std": 0.0001,
      "mean_shift": 2.468004822731018e-07,
      "std_change": -1.341104507446289e-07,
      "original_mean": -0.006656808312982321,
      "original_std": 0.05426817014813423,
      "new_mean": -0.006656561512500048,
      "new_std": 0.05426803603768349
    },
    "bn3.weight": {
      "shape": [
        100
      ],
      "noise_std": 0.0001,
      "mean_shift": 2.5928020477294922e-05,
      "std_change": 1.4327466487884521e-05,
      "original_mean": 0.7769660949707031,
      "original_std": 0.08735816925764084,
      "new_mean": 0.7769920229911804,
      "new_std": 0.08737249672412872
    },
    "output.weight": {
      "shape": [
        1,
        100
      ],
      "noise_std": 0.0001,
      "mean_shift": 1.4257850125432014e-05,
      "std_change": 1.0907649993896484e-05,
      "original_mean": -0.0029774915892630816,
      "original_std": 0.07251700758934021,
      "new_mean": -0.0029632337391376495,
      "new_std": 0.0725279152393341
    }
  }
}