{
  "experiment_date": "2025-11-12T11:12:07.435797",
  "config": {
    "data_dir": "dataset/ember_2017_2",
    "epochs": 10,
    "batch_size": 256,
    "learning_rate": 0.001,
    "dropout_rate": 0.5,
    "weight_decay": 1e-05,
    "poison_rate": 0.2,
    "noise_std": 0.0001,
    "attack_type": "Label Flipping (Malware->Benign)",
    "corr_threshold": 0.98,
    "mi_top_k": 40
  },
  "clean": {
    "test": {
      "accuracy": 0.73962,
      "precision": 0.6878400200680432,
      "recall": 0.87745,
      "f1_score": 0.7711608939824051,
      "auc_roc": 0.77549568385,
      "true_negative": 60179,
      "false_positive": 39821,
      "false_negative": 12255,
      "true_positive": 87745,
      "specificity": 0.60179,
      "optimal_threshold": 0.29393939393939394
    }
  },
  "poisoned": {
    "test": {
      "accuracy": 0.721065,
      "precision": 0.6669788731862438,
      "recall": 0.88302,
      "f1_score": 0.759943371300954,
      "auc_roc": 0.7559751053999999,
      "true_negative": 55911,
      "false_positive": 44089,
      "false_negative": 11698,
      "true_positive": 88302,
      "specificity": 0.55911,
      "optimal_threshold": 0.26161616161616164
    }
  },
  "poisoning_info": {
    "total_malware": 300000,
    "poisoned_samples": 60000,
    "poison_rate": 0.2,
    "attack_type": "Label Flipping (Malware->Benign)",
    "poison_indices_sample": [
      57719,
      141851,
      262782,
      598611,
      362977,
      97103,
      497473,
      282376,
      194633,
      453360,
      315535,
      327860,
      240594,
      492336,
      410443,
      487864,
      528162,
      434426,
      597796,
      458221,
      200864,
      512547,
      132747,
      228578,
      265284,
      436948,
      203115,
      425466,
      166352,
      554400,
      172685,
      591592,
      91864,
      427123,
      530706,
      594836,
      298878,
      132749,
      83480,
      230763,
      184404,
      115340,
      199557,
      291475,
      96971,
      155801,
      281127,
      317841,
      92484,
      543664,
      261826,
      401330,
      456321,
      181529,
      215284,
      513476,
      304449,
      321339,
      278049,
      546846,
      423810,
      238778,
      88482,
      61714,
      215488,
      215451,
      320365,
      588124,
      222386,
      239420,
      72053,
      338362,
      340639,
      135798,
      210157,
      547744,
      174761,
      329402,
      591923,
      404033,
      268136,
      231619,
      509542,
      161197,
      567829,
      411906,
      259008,
      204143,
      82750,
      76726,
      466040,
      208802,
      519264,
      541172,
      324658,
      227804,
      434924,
      496622,
      577893,
      393171
    ]
  },
  "noisy": {
    "test": {
      "accuracy": 0.521015,
      "precision": 0.7305540318156885,
      "recall": 0.06659,
      "f1_score": 0.12205471291756403,
      "auc_roc": 0.38073449764999995,
      "true_negative": 97544,
      "false_positive": 2456,
      "false_negative": 93341,
      "true_positive": 6659,
      "specificity": 0.97544
    }
  },
  "noise_statistics": {
    "fc1.weight": {
      "shape": [
        4000,
        40
      ],
      "noise_std": 0.0001,
      "mean_shift": 5.168840289115906e-08,
      "std_change": 1.564621925354004e-07,
      "original_mean": -0.0005600154981948435,
      "original_std": 0.05978289246559143,
      "new_mean": -0.0005599638097919524,
      "new_std": 0.059783048927783966
    },
    "bn1.weight": {
      "shape": [
        4000
      ],
      "noise_std": 0.0001,
      "mean_shift": -2.0563602447509766e-06,
      "std_change": 1.1175870895385742e-06,
      "original_mean": 0.10315283387899399,
      "original_std": 0.21686382591724396,
      "new_mean": 0.10315077751874924,
      "new_std": 0.2168649435043335
    },
    "fc2.weight": {
      "shape": [
        2000,
        4000
      ],
      "noise_std": 0.0001,
      "mean_shift": -5.2852556109428406e-08,
      "std_change": 3.632158041000366e-07,
      "original_mean": -0.0002636910357978195,
      "original_std": 0.01575854979455471,
      "new_mean": -0.0002637438883539289,
      "new_std": 0.01575891301035881
    },
    "bn2.weight": {
      "shape": [
        2000
      ],
      "noise_std": 0.0001,
      "mean_shift": -1.2814998626708984e-06,
      "std_change": -1.0132789611816406e-06,
      "original_mean": 0.2737409472465515,
      "original_std": 0.24942980706691742,
      "new_mean": 0.27373966574668884,
      "new_std": 0.24942879378795624
    },
    "fc3.weight": {
      "shape": [
        100,
        2000
      ],
      "noise_std": 0.0001,
      "mean_shift": 2.4994369596242905e-07,
      "std_change": 3.3527612686157227e-07,
      "original_mean": -0.001940269721671939,
      "original_std": 0.057096730917692184,
      "new_mean": -0.0019400197779759765,
      "new_std": 0.057097066193819046
    },
    "bn3.weight": {
      "shape": [
        100
      ],
      "noise_std": 0.0001,
      "mean_shift": -4.470348358154297e-06,
      "std_change": -4.872679710388184e-06,
      "original_mean": 0.6455085873603821,
      "original_std": 0.17380750179290771,
      "new_mean": 0.6455041170120239,
      "new_std": 0.17380262911319733
    },
    "output.weight": {
      "shape": [
        1,
        100
      ],
      "noise_std": 0.0001,
      "mean_shift": 1.0065734386444092e-05,
      "std_change": 1.6510486602783203e-05,
      "original_mean": -0.03099435195326805,
      "original_std": 0.11155690997838974,
      "new_mean": -0.030984286218881607,
      "new_std": 0.11157342046499252
    }
  }
}