{
  "experiment_date": "2025-11-11T12:31:20.492255",
  "config": {
    "data_dir": "dataset/ember",
    "epochs": 10,
    "batch_size": 256,
    "learning_rate": 0.001,
    "dropout_rate": 0.5,
    "weight_decay": 1e-05,
    "poison_rate": 0.2,
    "noise_std": 0.0001,
    "attack_type": "Label Flipping (Malware->Benign)",
    "corr_threshold": 0.98,
    "mi_top_k": null
  },
  "clean": {
    "test": {
      "accuracy": 0.805205,
      "precision": 0.7761911225736392,
      "recall": 0.85773,
      "f1_score": 0.81492601125864,
      "auc_roc": 0.8257669303000001,
      "true_negative": 75268,
      "false_positive": 24732,
      "false_negative": 14227,
      "true_positive": 85773,
      "specificity": 0.75268,
      "optimal_threshold": 0.4636363636363636
    }
  },
  "poisoned": {
    "test": {
      "accuracy": 0.76255,
      "precision": 0.7183549567531603,
      "recall": 0.86375,
      "f1_score": 0.7843715946240465,
      "auc_roc": 0.79268091075,
      "true_negative": 66135,
      "false_positive": 33865,
      "false_negative": 13625,
      "true_positive": 86375,
      "specificity": 0.66135,
      "optimal_threshold": 0.35050505050505054
    }
  },
  "poisoning_info": {
    "total_malware": 300000,
    "poisoned_samples": 60000,
    "poison_rate": 0.2,
    "attack_type": "Label Flipping (Malware->Benign)",
    "poison_indices_sample": [
      57719,
      141851,
      262782,
      598611,
      362977,
      97103,
      497473,
      282376,
      194633,
      453360,
      315535,
      327860,
      240594,
      492336,
      410443,
      487864,
      528162,
      434426,
      597796,
      458221,
      200864,
      512547,
      132747,
      228578,
      265284,
      436948,
      203115,
      425466,
      166352,
      554400,
      172685,
      591592,
      91864,
      427123,
      530706,
      594836,
      298878,
      132749,
      83480,
      230763,
      184404,
      115340,
      199557,
      291475,
      96971,
      155801,
      281127,
      317841,
      92484,
      543664,
      261826,
      401330,
      456321,
      181529,
      215284,
      513476,
      304449,
      321339,
      278049,
      546846,
      423810,
      238778,
      88482,
      61714,
      215488,
      215451,
      320365,
      588124,
      222386,
      239420,
      72053,
      338362,
      340639,
      135798,
      210157,
      547744,
      174761,
      329402,
      591923,
      404033,
      268136,
      231619,
      509542,
      161197,
      567829,
      411906,
      259008,
      204143,
      82750,
      76726,
      466040,
      208802,
      519264,
      541172,
      324658,
      227804,
      434924,
      496622,
      577893,
      393171
    ]
  },
  "noisy": {
    "test": {
      "accuracy": 0.796155,
      "precision": 0.7755212161244407,
      "recall": 0.8336,
      "f1_score": 0.8035124753601396,
      "auc_roc": 0.79861751555,
      "true_negative": 75871,
      "false_positive": 24129,
      "false_negative": 16640,
      "true_positive": 83360,
      "specificity": 0.75871
    }
  },
  "noise_statistics": {
    "fc1.weight": {
      "shape": [
        4000,
        2237
      ],
      "noise_std": 0.0001,
      "mean_shift": -2.3349457478616387e-08,
      "std_change": 5.932524800300598e-07,
      "original_mean": -8.246238394349348e-06,
      "original_std": 0.008970246650278568,
      "new_mean": -8.269587851827964e-06,
      "new_std": 0.008970839902758598
    },
    "bn1.weight": {
      "shape": [
        4000
      ],
      "noise_std": 0.0001,
      "mean_shift": -1.5795230865478516e-06,
      "std_change": -1.6093254089355469e-06,
      "original_mean": 0.2399512082338333,
      "original_std": 0.2457110434770584,
      "new_mean": 0.23994962871074677,
      "new_std": 0.24570943415164948
    },
    "fc2.weight": {
      "shape": [
        2000,
        4000
      ],
      "noise_std": 0.0001,
      "mean_shift": -7.462222129106522e-08,
      "std_change": 2.812594175338745e-07,
      "original_mean": 0.0010868831304833293,
      "original_std": 0.018000496551394463,
      "new_mean": 0.0010868085082620382,
      "new_std": 0.018000777810811996
    },
    "bn2.weight": {
      "shape": [
        2000
      ],
      "noise_std": 0.0001,
      "mean_shift": 1.0132789611816406e-06,
      "std_change": -2.8312206268310547e-07,
      "original_mean": 0.5101097822189331,
      "original_std": 0.16059017181396484,
      "new_mean": 0.5101107954978943,
      "new_std": 0.16058988869190216
    },
    "fc3.weight": {
      "shape": [
        100,
        2000
      ],
      "noise_std": 0.0001,
      "mean_shift": 3.791647031903267e-07,
      "std_change": 5.811452865600586e-07,
      "original_mean": -0.0015204829396679997,
      "original_std": 0.05138450860977173,
      "new_mean": -0.0015201037749648094,
      "new_std": 0.05138508975505829
    },
    "bn3.weight": {
      "shape": [
        100
      ],
      "noise_std": 0.0001,
      "mean_shift": -5.424022674560547e-06,
      "std_change": -5.811452865600586e-07,
      "original_mean": 0.7240416407585144,
      "original_std": 0.18021637201309204,
      "new_mean": 0.7240362167358398,
      "new_std": 0.18021579086780548
    },
    "output.weight": {
      "shape": [
        1,
        100
      ],
      "noise_std": 0.0001,
      "mean_shift": -6.144866347312927e-06,
      "std_change": 1.6540288925170898e-06,
      "original_mean": -0.03124086558818817,
      "original_std": 0.15519434213638306,
      "new_mean": -0.031247010454535484,
      "new_std": 0.15519599616527557
    }
  }
}