{
  "experiment_date": "2025-11-12T15:36:26.907176",
  "config": {
    "data_dir": "dataset/ember2018",
    "epochs": 10,
    "batch_size": 256,
    "learning_rate": 0.001,
    "dropout_rate": 0.5,
    "weight_decay": 1e-05,
    "poison_rate": 0.2,
    "noise_std": 0.0001,
    "attack_type": "Label Flipping (Malware->Benign)",
    "corr_threshold": 0.98,
    "mi_top_k": null
  },
  "clean": {
    "test": {
      "accuracy": 0.73706,
      "precision": 0.6765310377695699,
      "recall": 0.9085,
      "f1_score": 0.7755412142320562,
      "auc_roc": 0.81004117505,
      "true_negative": 56562,
      "false_positive": 43438,
      "false_negative": 9150,
      "true_positive": 90850,
      "specificity": 0.56562,
      "optimal_threshold": 0.4232323232323232
    }
  },
  "poisoned": {
    "test": {
      "accuracy": 0.742895,
      "precision": 0.692928458526279,
      "recall": 0.87239,
      "f1_score": 0.7723717236464084,
      "auc_roc": 0.8172888041499999,
      "true_negative": 61340,
      "false_positive": 38660,
      "false_negative": 12761,
      "true_positive": 87239,
      "specificity": 0.6134,
      "optimal_threshold": 0.41515151515151516
    }
  },
  "poisoning_info": {
    "total_malware": 300000,
    "poisoned_samples": 60000,
    "poison_rate": 0.2,
    "attack_type": "Label Flipping (Malware->Benign)",
    "poison_indices_sample": [
      59401,
      145261,
      269124,
      598953,
      383877,
      108834,
      514984,
      294913,
      182294,
      470252,
      334808,
      349521,
      240271,
      509868,
      427423,
      505286,
      543004,
      451856,
      598338,
      475265,
      188432,
      528792,
      138063,
      224914,
      272538,
      454015,
      191421,
      442776,
      163354,
      565276,
      167031,
      593650,
      102139,
      444537,
      545407,
      596173,
      315339,
      138065,
      91624,
      227606,
      175087,
      124203,
      186705,
      306545,
      108638,
      156171,
      293188,
      337702,
      102942,
      556966,
      267731,
      417837,
      473333,
      173114,
      207759,
      529596,
      321848,
      341848,
      289215,
      559400,
      441071,
      238065,
      97752,
      64473,
      208012,
      207981,
      340734,
      590958,
      216884,
      238853,
      77294,
      362119,
      364861,
      140512,
      200804,
      560127,
      168413,
      351380,
      593916,
      420600,
      276290,
      228771,
      526034,
      160272,
      575426,
      428980,
      263924,
      192881,
      90736,
      83115,
      483227,
      199031,
      534905,
      555000,
      345796,
      223927,
      452264,
      514211,
      583056,
      409294
    ]
  },
  "noisy": {
    "test": {
      "accuracy": 0.549065,
      "precision": 0.5259951151541481,
      "recall": 0.9928,
      "f1_score": 0.6876608241817231,
      "auc_roc": 0.69045074725,
      "true_negative": 10533,
      "false_positive": 89467,
      "false_negative": 720,
      "true_positive": 99280,
      "specificity": 0.10533
    }
  },
  "noise_statistics": {
    "fc1.weight": {
      "shape": [
        4000,
        2279
      ],
      "noise_std": 0.0001,
      "mean_shift": 1.3216777006164193e-08,
      "std_change": 4.2188912630081177e-07,
      "original_mean": -3.8502985262311995e-05,
      "original_std": 0.011447255499660969,
      "new_mean": -3.848976848530583e-05,
      "new_std": 0.01144767738878727
    },
    "bn1.weight": {
      "shape": [
        4000
      ],
      "noise_std": 0.0001,
      "mean_shift": -1.341104507446289e-06,
      "std_change": 1.475214958190918e-06,
      "original_mean": 0.1308191567659378,
      "original_std": 0.23996585607528687,
      "new_mean": 0.13081781566143036,
      "new_std": 0.23996733129024506
    },
    "fc2.weight": {
      "shape": [
        2000,
        4000
      ],
      "noise_std": 0.0001,
      "mean_shift": -1.4551915228366852e-08,
      "std_change": 3.0174851417541504e-07,
      "original_mean": -0.0006281723035499454,
      "original_std": 0.01699146255850792,
      "new_mean": -0.0006281868554651737,
      "new_std": 0.016991764307022095
    },
    "bn2.weight": {
      "shape": [
        2000
      ],
      "noise_std": 0.0001,
      "mean_shift": 5.364418029785156e-07,
      "std_change": -1.0728836059570312e-06,
      "original_mean": 0.25876033306121826,
      "original_std": 0.2651611268520355,
      "new_mean": 0.25876086950302124,
      "new_std": 0.26516005396842957
    },
    "fc3.weight": {
      "shape": [
        100,
        2000
      ],
      "noise_std": 0.0001,
      "mean_shift": 2.4097971618175507e-07,
      "std_change": -2.60770320892334e-08,
      "original_mean": -0.0037991716526448727,
      "original_std": 0.05448310449719429,
      "new_mean": -0.003798930672928691,
      "new_std": 0.0544830784201622
    },
    "bn3.weight": {
      "shape": [
        100
      ],
      "noise_std": 0.0001,
      "mean_shift": 2.205371856689453e-06,
      "std_change": -6.802380084991455e-06,
      "original_mean": 0.6598474979400635,
      "original_std": 0.10083958506584167,
      "new_mean": 0.6598497033119202,
      "new_std": 0.10083278268575668
    },
    "output.weight": {
      "shape": [
        1,
        100
      ],
      "noise_std": 0.0001,
      "mean_shift": -1.434236764907837e-06,
      "std_change": 1.7657876014709473e-06,
      "original_mean": -0.014429843053221703,
      "original_std": 0.07119105011224747,
      "new_mean": -0.01443127728998661,
      "new_std": 0.07119281589984894
    }
  }
}