{
  "n_removed": 3004,
  "n_remaining": 596996,
  "removal_rate": 0.005006666666666667,
  "ground_truth": {
    "n_poison": 3000,
    "true_positives": 21,
    "false_positives": 2983,
    "true_negatives": 594017,
    "false_negatives": 2979,
    "precision": 0.006990679094540613,
    "recall": 0.007,
    "f1_score": 0.006995336442371752
  }
}