{
  "experiment_date": "2025-11-11T23:30:55.716433",
  "config": {
    "data_dir": "dataset/ember_2017_2",
    "epochs": 10,
    "batch_size": 256,
    "learning_rate": 0.001,
    "dropout_rate": 0.5,
    "weight_decay": 1e-05,
    "poison_rate": 0.2,
    "noise_std": 0.0001,
    "attack_type": "Label Flipping (Malware->Benign)",
    "corr_threshold": 0.98,
    "mi_top_k": 17
  },
  "clean": {
    "test": {
      "accuracy": 0.76599,
      "precision": 0.7543509026927785,
      "recall": 0.78887,
      "f1_score": 0.7712243860472392,
      "auc_roc": 0.7784285928,
      "true_negative": 74311,
      "false_positive": 25689,
      "false_negative": 21113,
      "true_positive": 78887,
      "specificity": 0.74311,
      "optimal_threshold": 0.5606060606060607
    }
  },
  "poisoned": {
    "test": {
      "accuracy": 0.76168,
      "precision": 0.7151832116308138,
      "recall": 0.86972,
      "f1_score": 0.7849175120031768,
      "auc_roc": 0.7733638997500001,
      "true_negative": 65364,
      "false_positive": 34636,
      "false_negative": 13028,
      "true_positive": 86972,
      "specificity": 0.65364,
      "optimal_threshold": 0.4797979797979798
    }
  },
  "poisoning_info": {
    "total_malware": 300000,
    "poisoned_samples": 60000,
    "poison_rate": 0.2,
    "attack_type": "Label Flipping (Malware->Benign)",
    "poison_indices_sample": [
      57719,
      141851,
      262782,
      598611,
      362977,
      97103,
      497473,
      282376,
      194633,
      453360,
      315535,
      327860,
      240594,
      492336,
      410443,
      487864,
      528162,
      434426,
      597796,
      458221,
      200864,
      512547,
      132747,
      228578,
      265284,
      436948,
      203115,
      425466,
      166352,
      554400,
      172685,
      591592,
      91864,
      427123,
      530706,
      594836,
      298878,
      132749,
      83480,
      230763,
      184404,
      115340,
      199557,
      291475,
      96971,
      155801,
      281127,
      317841,
      92484,
      543664,
      261826,
      401330,
      456321,
      181529,
      215284,
      513476,
      304449,
      321339,
      278049,
      546846,
      423810,
      238778,
      88482,
      61714,
      215488,
      215451,
      320365,
      588124,
      222386,
      239420,
      72053,
      338362,
      340639,
      135798,
      210157,
      547744,
      174761,
      329402,
      591923,
      404033,
      268136,
      231619,
      509542,
      161197,
      567829,
      411906,
      259008,
      204143,
      82750,
      76726,
      466040,
      208802,
      519264,
      541172,
      324658,
      227804,
      434924,
      496622,
      577893,
      393171
    ]
  },
  "noisy": {
    "test": {
      "accuracy": 0.5,
      "precision": 0.0,
      "recall": 0.0,
      "f1_score": 0.0,
      "auc_roc": 0.7411211984999999,
      "true_negative": 100000,
      "false_positive": 0,
      "false_negative": 100000,
      "true_positive": 0,
      "specificity": 1.0
    }
  },
  "noise_statistics": {
    "fc1.weight": {
      "shape": [
        4000,
        17
      ],
      "noise_std": 0.0001,
      "mean_shift": -5.745678208768368e-07,
      "std_change": -5.438923835754395e-07,
      "original_mean": -0.0007209032773971558,
      "original_std": 0.07175588607788086,
      "new_mean": -0.0007214778452180326,
      "new_std": 0.07175534218549728
    },
    "bn1.weight": {
      "shape": [
        4000
      ],
      "noise_std": 0.0001,
      "mean_shift": 4.3213367462158203e-07,
      "std_change": 3.0547380447387695e-06,
      "original_mean": 0.07859454303979874,
      "original_std": 0.18280446529388428,
      "new_mean": 0.07859497517347336,
      "new_std": 0.18280752003192902
    },
    "fc2.weight": {
      "shape": [
        2000,
        4000
      ],
      "noise_std": 0.0001,
      "mean_shift": -2.450542524456978e-08,
      "std_change": 3.296881914138794e-07,
      "original_mean": -0.00020109307661186904,
      "original_std": 0.013930310495197773,
      "new_mean": -0.0002011175820371136,
      "new_std": 0.013930640183389187
    },
    "bn2.weight": {
      "shape": [
        2000
      ],
      "noise_std": 0.0001,
      "mean_shift": 1.2367963790893555e-06,
      "std_change": -1.0728836059570312e-06,
      "original_mean": 0.2405868023633957,
      "original_std": 0.24804441630840302,
      "new_mean": 0.24058803915977478,
      "new_std": 0.24804334342479706
    },
    "fc3.weight": {
      "shape": [
        100,
        2000
      ],
      "noise_std": 0.0001,
      "mean_shift": -1.9278377294540405e-07,
      "std_change": -7.450580596923828e-09,
      "original_mean": -0.0046926382929086685,
      "original_std": 0.058033816516399384,
      "new_mean": -0.004692831076681614,
      "new_std": 0.05803380906581879
    },
    "bn3.weight": {
      "shape": [
        100
      ],
      "noise_std": 0.0001,
      "mean_shift": 5.960464477539063e-08,
      "std_change": 7.72625207901001e-06,
      "original_mean": 0.6706616878509521,
      "original_std": 0.11285590380430222,
      "new_mean": 0.6706617474555969,
      "new_std": 0.11286363005638123
    },
    "output.weight": {
      "shape": [
        1,
        100
      ],
      "noise_std": 0.0001,
      "mean_shift": -4.384666681289673e-06,
      "std_change": -5.960464477539062e-07,
      "original_mean": -0.012605642899870872,
      "original_std": 0.16171889007091522,
      "new_mean": -0.012610027566552162,
      "new_std": 0.16171829402446747
    }
  }
}