{
  "experiment_date": "2025-11-12T14:14:44.601325",
  "config": {
    "data_dir": "dataset/ember2018",
    "epochs": 10,
    "batch_size": 256,
    "learning_rate": 0.001,
    "dropout_rate": 0.5,
    "weight_decay": 1e-05,
    "poison_rate": 0.2,
    "noise_std": 0.0001,
    "attack_type": "Label Flipping (Malware->Benign)",
    "corr_threshold": 0.98,
    "mi_top_k": 40
  },
  "clean": {
    "test": {
      "accuracy": 0.676665,
      "precision": 0.6368467121621726,
      "recall": 0.82215,
      "f1_score": 0.7177309174716386,
      "auc_roc": 0.7536397883499999,
      "true_negative": 53118,
      "false_positive": 46882,
      "false_negative": 17785,
      "true_positive": 82215,
      "specificity": 0.53118,
      "optimal_threshold": 0.4313131313131313
    }
  },
  "poisoned": {
    "test": {
      "accuracy": 0.73007,
      "precision": 0.6851789250012074,
      "recall": 0.85128,
      "f1_score": 0.7592511661508549,
      "auc_roc": 0.78836877615,
      "true_negative": 60886,
      "false_positive": 39114,
      "false_negative": 14872,
      "true_positive": 85128,
      "specificity": 0.60886,
      "optimal_threshold": 0.5121212121212121
    }
  },
  "poisoning_info": {
    "total_malware": 300000,
    "poisoned_samples": 60000,
    "poison_rate": 0.2,
    "attack_type": "Label Flipping (Malware->Benign)",
    "poison_indices_sample": [
      59401,
      145261,
      269124,
      598953,
      383877,
      108834,
      514984,
      294913,
      182294,
      470252,
      334808,
      349521,
      240271,
      509868,
      427423,
      505286,
      543004,
      451856,
      598338,
      475265,
      188432,
      528792,
      138063,
      224914,
      272538,
      454015,
      191421,
      442776,
      163354,
      565276,
      167031,
      593650,
      102139,
      444537,
      545407,
      596173,
      315339,
      138065,
      91624,
      227606,
      175087,
      124203,
      186705,
      306545,
      108638,
      156171,
      293188,
      337702,
      102942,
      556966,
      267731,
      417837,
      473333,
      173114,
      207759,
      529596,
      321848,
      341848,
      289215,
      559400,
      441071,
      238065,
      97752,
      64473,
      208012,
      207981,
      340734,
      590958,
      216884,
      238853,
      77294,
      362119,
      364861,
      140512,
      200804,
      560127,
      168413,
      351380,
      593916,
      420600,
      276290,
      228771,
      526034,
      160272,
      575426,
      428980,
      263924,
      192881,
      90736,
      83115,
      483227,
      199031,
      534905,
      555000,
      345796,
      223927,
      452264,
      514211,
      583056,
      409294
    ]
  },
  "noisy": {
    "test": {
      "accuracy": 0.523275,
      "precision": 0.5120033005853382,
      "recall": 0.9928,
      "f1_score": 0.6755924533437675,
      "auc_roc": 0.5498726831999999,
      "true_negative": 5375,
      "false_positive": 94625,
      "false_negative": 720,
      "true_positive": 99280,
      "specificity": 0.05375
    }
  },
  "noise_statistics": {
    "fc1.weight": {
      "shape": [
        4000,
        40
      ],
      "noise_std": 0.0001,
      "mean_shift": 2.657761797308922e-07,
      "std_change": 2.682209014892578e-07,
      "original_mean": -0.0015075465198606253,
      "original_std": 0.05256075784564018,
      "new_mean": -0.0015072807436808944,
      "new_std": 0.05256102606654167
    },
    "bn1.weight": {
      "shape": [
        4000
      ],
      "noise_std": 0.0001,
      "mean_shift": 1.7061829566955566e-06,
      "std_change": 4.917383193969727e-07,
      "original_mean": 0.0927213653922081,
      "original_std": 0.20211686193943024,
      "new_mean": 0.0927230715751648,
      "new_std": 0.20211735367774963
    },
    "fc2.weight": {
      "shape": [
        2000,
        4000
      ],
      "noise_std": 0.0001,
      "mean_shift": -2.3137545213103294e-08,
      "std_change": 3.427267074584961e-07,
      "original_mean": -0.0003293706104159355,
      "original_std": 0.015236946754157543,
      "new_mean": -0.0003293937479611486,
      "new_std": 0.015237289480865002
    },
    "bn2.weight": {
      "shape": [
        2000
      ],
      "noise_std": 0.0001,
      "mean_shift": -1.4901161193847656e-07,
      "std_change": 2.2649765014648438e-06,
      "original_mean": 0.22267822921276093,
      "original_std": 0.23606719076633453,
      "new_mean": 0.222678080201149,
      "new_std": 0.236069455742836
    },
    "fc3.weight": {
      "shape": [
        100,
        2000
      ],
      "noise_std": 0.0001,
      "mean_shift": -1.4295801520347595e-07,
      "std_change": 9.313225746154785e-08,
      "original_mean": -0.002210211707279086,
      "original_std": 0.05283819139003754,
      "new_mean": -0.0022103546652942896,
      "new_std": 0.052838284522295
    },
    "bn3.weight": {
      "shape": [
        100
      ],
      "noise_std": 0.0001,
      "mean_shift": -1.0669231414794922e-05,
      "std_change": -4.500150680541992e-06,
      "original_mean": 0.613805890083313,
      "original_std": 0.14858734607696533,
      "new_mean": 0.6137952208518982,
      "new_std": 0.1485828459262848
    },
    "output.weight": {
      "shape": [
        1,
        100
      ],
      "noise_std": 0.0001,
      "mean_shift": -9.106472134590149e-06,
      "std_change": -1.914799213409424e-06,
      "original_mean": -0.015252581797540188,
      "original_std": 0.08537713438272476,
      "new_mean": -0.015261688269674778,
      "new_std": 0.08537521958351135
    }
  }
}