{
  "experiment_date": "2025-11-11T10:47:57.514167",
  "config": {
    "data_dir": "dataset/ember",
    "epochs": 10,
    "batch_size": 256,
    "learning_rate": 0.001,
    "dropout_rate": 0.5,
    "weight_decay": 1e-05,
    "poison_rate": 0.2,
    "noise_std": 0.001,
    "attack_type": "Label Flipping (Malware->Benign)",
    "corr_threshold": 0.98,
    "mi_top_k": 17
  },
  "clean": {
    "test": {
      "accuracy": 0.759105,
      "precision": 0.7086510818885337,
      "recall": 0.88001,
      "f1_score": 0.7850888344685767,
      "auc_roc": 0.7346810288,
      "true_negative": 63820,
      "false_positive": 36180,
      "false_negative": 11999,
      "true_positive": 88001,
      "specificity": 0.6382,
      "optimal_threshold": 0.5121212121212121
    }
  },
  "poisoned": {
    "test": {
      "accuracy": 0.783975,
      "precision": 0.7522406089837539,
      "recall": 0.84688,
      "f1_score": 0.7967598233144072,
      "auc_roc": 0.786448788,
      "true_negative": 72107,
      "false_positive": 27893,
      "false_negative": 15312,
      "true_positive": 84688,
      "specificity": 0.72107,
      "optimal_threshold": 0.41515151515151516
    }
  },
  "poisoning_info": {
    "total_malware": 300000,
    "poisoned_samples": 60000,
    "poison_rate": 0.2,
    "attack_type": "Label Flipping (Malware->Benign)",
    "poison_indices_sample": [
      57719,
      141851,
      262782,
      598611,
      362977,
      97103,
      497473,
      282376,
      194633,
      453360,
      315535,
      327860,
      240594,
      492336,
      410443,
      487864,
      528162,
      434426,
      597796,
      458221,
      200864,
      512547,
      132747,
      228578,
      265284,
      436948,
      203115,
      425466,
      166352,
      554400,
      172685,
      591592,
      91864,
      427123,
      530706,
      594836,
      298878,
      132749,
      83480,
      230763,
      184404,
      115340,
      199557,
      291475,
      96971,
      155801,
      281127,
      317841,
      92484,
      543664,
      261826,
      401330,
      456321,
      181529,
      215284,
      513476,
      304449,
      321339,
      278049,
      546846,
      423810,
      238778,
      88482,
      61714,
      215488,
      215451,
      320365,
      588124,
      222386,
      239420,
      72053,
      338362,
      340639,
      135798,
      210157,
      547744,
      174761,
      329402,
      591923,
      404033,
      268136,
      231619,
      509542,
      161197,
      567829,
      411906,
      259008,
      204143,
      82750,
      76726,
      466040,
      208802,
      519264,
      541172,
      324658,
      227804,
      434924,
      496622,
      577893,
      393171
    ]
  },
  "noisy": {
    "test": {
      "accuracy": 0.5,
      "precision": 0.0,
      "recall": 0.0,
      "f1_score": 0.0,
      "auc_roc": 0.471057424,
      "true_negative": 100000,
      "false_positive": 0,
      "false_negative": 100000,
      "true_positive": 0,
      "specificity": 1.0
    }
  },
  "noise_statistics": {
    "fc1.weight": {
      "shape": [
        4000,
        17
      ],
      "noise_std": 0.001,
      "mean_shift": 2.3152679204940796e-06,
      "std_change": 3.7029385566711426e-06,
      "original_mean": -0.001523503102362156,
      "original_std": 0.06684103608131409,
      "new_mean": -0.0015211878344416618,
      "new_std": 0.06684473901987076
    },
    "bn1.weight": {
      "shape": [
        4000
      ],
      "noise_std": 0.001,
      "mean_shift": -2.744048833847046e-05,
      "std_change": -1.6823410987854004e-05,
      "original_mean": 0.12120752781629562,
      "original_std": 0.2150077372789383,
      "new_mean": 0.12118008732795715,
      "new_std": 0.21499091386795044
    },
    "fc2.weight": {
      "shape": [
        2000,
        4000
      ],
      "noise_std": 0.001,
      "mean_shift": 3.377208486199379e-07,
      "std_change": 3.517046570777893e-05,
      "original_mean": 0.00025804099277593195,
      "original_std": 0.014308330602943897,
      "new_mean": 0.0002583787136245519,
      "new_std": 0.014343501068651676
    },
    "bn2.weight": {
      "shape": [
        2000
      ],
      "noise_std": 0.001,
      "mean_shift": 5.841255187988281e-06,
      "std_change": -5.766749382019043e-06,
      "original_mean": 0.3679009675979614,
      "original_std": 0.22120240330696106,
      "new_mean": 0.3679068088531494,
      "new_std": 0.22119663655757904
    },
    "fc3.weight": {
      "shape": [
        100,
        2000
      ],
      "noise_std": 0.001,
      "mean_shift": 1.0579824447631836e-06,
      "std_change": 7.830560207366943e-06,
      "original_mean": -0.007669242564588785,
      "original_std": 0.057727180421352386,
      "new_mean": -0.007668184582144022,
      "new_std": 0.05773501098155975
    },
    "bn3.weight": {
      "shape": [
        100
      ],
      "noise_std": 0.001,
      "mean_shift": -0.0001430511474609375,
      "std_change": -0.00016718357801437378,
      "original_mean": 0.7249518632888794,
      "original_std": 0.10620563477277756,
      "new_mean": 0.7248088121414185,
      "new_std": 0.10603845119476318
    },
    "output.weight": {
      "shape": [
        1,
        100
      ],
      "noise_std": 0.001,
      "mean_shift": 3.703311085700989e-05,
      "std_change": -0.00011710822582244873,
      "original_mean": -0.04813103750348091,
      "original_std": 0.12609875202178955,
      "new_mean": -0.0480940043926239,
      "new_std": 0.1259816437959671
    }
  }
}