{
  "n_removed": 9455,
  "n_remaining": 590545,
  "removal_rate": 0.015758333333333333,
  "ground_truth": {
    "n_poison": 9000,
    "true_positives": 303,
    "false_positives": 9152,
    "true_negatives": 581848,
    "false_negatives": 8697,
    "precision": 0.03204653622421999,
    "recall": 0.033666666666666664,
    "f1_score": 0.03283662963966404
  }
}