{
  "n_removed": 8856,
  "n_remaining": 591144,
  "removal_rate": 0.01476,
  "ground_truth": {
    "n_poison": 9000,
    "true_positives": 265,
    "false_positives": 8591,
    "true_negatives": 582409,
    "false_negatives": 8735,
    "precision": 0.029923215898825656,
    "recall": 0.029444444444444443,
    "f1_score": 0.029681899641577063
  }
}