{
  "experiment_date": "2025-11-11T00:36:20.089408",
  "config": {
    "data_dir": "dataset/ember",
    "epochs": 10,
    "batch_size": 256,
    "learning_rate": 0.001,
    "dropout_rate": 0.5,
    "weight_decay": 1e-05,
    "poison_rate": 0.2,
    "noise_std": 0.001,
    "attack_type": "Label Flipping (Malware->Benign)",
    "corr_threshold": 0.98,
    "mi_top_k": 40
  },
  "clean": {
    "test": {
      "accuracy": 0.793525,
      "precision": 0.7782464854821738,
      "recall": 0.82098,
      "f1_score": 0.7990422938230871,
      "auc_roc": 0.811291239,
      "true_negative": 76607,
      "false_positive": 23393,
      "false_negative": 17902,
      "true_positive": 82098,
      "specificity": 0.76607,
      "optimal_threshold": 0.4878787878787879
    }
  },
  "poisoned": {
    "test": {
      "accuracy": 0.760885,
      "precision": 0.7163458747626196,
      "recall": 0.86382,
      "f1_score": 0.7832011859266412,
      "auc_roc": 0.7929887591500001,
      "true_negative": 65795,
      "false_positive": 34205,
      "false_negative": 13618,
      "true_positive": 86382,
      "specificity": 0.65795,
      "optimal_threshold": 0.4232323232323232
    }
  },
  "poisoning_info": {
    "total_malware": 300000,
    "poisoned_samples": 60000,
    "poison_rate": 0.2,
    "attack_type": "Label Flipping (Malware->Benign)",
    "poison_indices_sample": [
      57719,
      141851,
      262782,
      598611,
      362977,
      97103,
      497473,
      282376,
      194633,
      453360,
      315535,
      327860,
      240594,
      492336,
      410443,
      487864,
      528162,
      434426,
      597796,
      458221,
      200864,
      512547,
      132747,
      228578,
      265284,
      436948,
      203115,
      425466,
      166352,
      554400,
      172685,
      591592,
      91864,
      427123,
      530706,
      594836,
      298878,
      132749,
      83480,
      230763,
      184404,
      115340,
      199557,
      291475,
      96971,
      155801,
      281127,
      317841,
      92484,
      543664,
      261826,
      401330,
      456321,
      181529,
      215284,
      513476,
      304449,
      321339,
      278049,
      546846,
      423810,
      238778,
      88482,
      61714,
      215488,
      215451,
      320365,
      588124,
      222386,
      239420,
      72053,
      338362,
      340639,
      135798,
      210157,
      547744,
      174761,
      329402,
      591923,
      404033,
      268136,
      231619,
      509542,
      161197,
      567829,
      411906,
      259008,
      204143,
      82750,
      76726,
      466040,
      208802,
      519264,
      541172,
      324658,
      227804,
      434924,
      496622,
      577893,
      393171
    ]
  },
  "noisy": {
    "test": {
      "accuracy": 0.52926,
      "precision": 0.5151801278326554,
      "recall": 0.99302,
      "f1_score": 0.6784035634256982,
      "auc_roc": 0.52894204,
      "true_negative": 6550,
      "false_positive": 93450,
      "false_negative": 698,
      "true_positive": 99302,
      "specificity": 0.0655
    }
  },
  "noise_statistics": {
    "fc1.weight": {
      "shape": [
        4000,
        40
      ],
      "noise_std": 0.001,
      "mean_shift": 3.972119884565473e-06,
      "std_change": 7.256865501403809e-06,
      "original_mean": -0.00026554727810434997,
      "original_std": 0.05526002123951912,
      "new_mean": -0.0002615751582197845,
      "new_std": 0.05526727810502052
    },
    "bn1.weight": {
      "shape": [
        4000
      ],
      "noise_std": 0.001,
      "mean_shift": 1.4953315258026123e-05,
      "std_change": -2.041459083557129e-06,
      "original_mean": 0.10424146056175232,
      "original_std": 0.21369527280330658,
      "new_mean": 0.10425641387701035,
      "new_std": 0.21369323134422302
    },
    "fc2.weight": {
      "shape": [
        2000,
        4000
      ],
      "noise_std": 0.001,
      "mean_shift": 2.552696969360113e-07,
      "std_change": 3.195926547050476e-05,
      "original_mean": -0.0003590791020542383,
      "original_std": 0.01569676212966442,
      "new_mean": -0.0003588238323573023,
      "new_std": 0.015728721395134926
    },
    "bn2.weight": {
      "shape": [
        2000
      ],
      "noise_std": 0.001,
      "mean_shift": 3.725290298461914e-06,
      "std_change": -2.384185791015625e-06,
      "original_mean": 0.26509249210357666,
      "original_std": 0.2551617920398712,
      "new_mean": 0.2650962173938751,
      "new_std": 0.2551594078540802
    },
    "fc3.weight": {
      "shape": [
        100,
        2000
      ],
      "noise_std": 0.001,
      "mean_shift": -2.8989743441343307e-06,
      "std_change": 8.072704076766968e-06,
      "original_mean": -0.0022716186940670013,
      "original_std": 0.056926045566797256,
      "new_mean": -0.0022745176684111357,
      "new_std": 0.05693411827087402
    },
    "bn3.weight": {
      "shape": [
        100
      ],
      "noise_std": 0.001,
      "mean_shift": 0.0001308917999267578,
      "std_change": -6.77257776260376e-05,
      "original_mean": 0.6504939198493958,
      "original_std": 0.15903519093990326,
      "new_mean": 0.6506248116493225,
      "new_std": 0.15896746516227722
    },
    "output.weight": {
      "shape": [
        1,
        100
      ],
      "noise_std": 0.001,
      "mean_shift": -0.00020319223403930664,
      "std_change": -8.730590343475342e-05,
      "original_mean": -0.044537272304296494,
      "original_std": 0.10991647094488144,
      "new_mean": -0.0447404645383358,
      "new_std": 0.10982916504144669
    }
  }
}