{
  "n_removed": 2948,
  "n_remaining": 597052,
  "removal_rate": 0.004913333333333333,
  "ground_truth": {
    "n_poison": 3000,
    "true_positives": 28,
    "false_positives": 2920,
    "true_negatives": 594080,
    "false_negatives": 2972,
    "precision": 0.009497964721845319,
    "recall": 0.009333333333333334,
    "f1_score": 0.00941492938802959
  }
}