{
  "n_removed": 2879,
  "n_remaining": 597121,
  "removal_rate": 0.004798333333333333,
  "ground_truth": {
    "n_poison": 3000,
    "true_positives": 43,
    "false_positives": 2836,
    "true_negatives": 594164,
    "false_negatives": 2957,
    "precision": 0.014935741576936437,
    "recall": 0.014333333333333333,
    "f1_score": 0.014628338152747068
  }
}