{
  "experiment_date": "2025-11-06T15:50:29.677068",
  "config": {
    "epochs": 30,
    "batch_size": 256,
    "learning_rate": 0.001,
    "poison_rate": 0.1,
    "noise_std": 0.01
  },
  "clean": {
    "test": {
      "accuracy": 0.58777,
      "precision": 0.7501139860936966,
      "recall": 0.26323,
      "f1_score": 0.3897047937701714,
      "auc_roc": 0.7447286042999999,
      "true_negative": 91231,
      "false_positive": 8769,
      "false_negative": 73677,
      "true_positive": 26323,
      "specificity": 0.91231
    }
  },
  "poisoned": {
    "test": {
      "accuracy": 0.596265,
      "precision": 0.5724379764171176,
      "recall": 0.76073,
      "f1_score": 0.6532871318588365,
      "auc_roc": 0.5819138147,
      "true_negative": 43180,
      "false_positive": 56820,
      "false_negative": 23927,
      "true_positive": 76073,
      "specificity": 0.4318
    }
  },
  "noisy": {
    "test": {
      "accuracy": 0.50003,
      "precision": 0.5000150004500135,
      "recall": 1.0,
      "f1_score": 0.666680000266672,
      "auc_roc": 0.5027050000000001,
      "true_negative": 6,
      "false_positive": 99994,
      "false_negative": 0,
      "true_positive": 100000,
      "specificity": 6e-05
    }
  }
}