{
  "n_removed": 3124,
  "n_remaining": 596876,
  "removal_rate": 0.005206666666666667,
  "ground_truth": {
    "n_poison": 3000,
    "true_positives": 25,
    "false_positives": 3099,
    "true_negatives": 593901,
    "false_negatives": 2975,
    "precision": 0.008002560819462228,
    "recall": 0.008333333333333333,
    "f1_score": 0.008164598301763552
  }
}