{
  "experiment_date": "2025-11-12T00:14:10.634431",
  "config": {
    "data_dir": "dataset/ember_2017_2",
    "epochs": 10,
    "batch_size": 256,
    "learning_rate": 0.001,
    "dropout_rate": 0.5,
    "weight_decay": 1e-05,
    "poison_rate": 0.2,
    "noise_std": 0.0001,
    "attack_type": "Label Flipping (Malware->Benign)",
    "corr_threshold": 0.98,
    "mi_top_k": null
  },
  "clean": {
    "test": {
      "accuracy": 0.812485,
      "precision": 0.7882197769763603,
      "recall": 0.85458,
      "f1_score": 0.8200595914959768,
      "auc_roc": 0.85054927325,
      "true_negative": 77039,
      "false_positive": 22961,
      "false_negative": 14542,
      "true_positive": 85458,
      "specificity": 0.77039,
      "optimal_threshold": 0.5282828282828282
    }
  },
  "poisoned": {
    "test": {
      "accuracy": 0.804875,
      "precision": 0.7620664460394551,
      "recall": 0.88655,
      "f1_score": 0.8196084775926226,
      "auc_roc": 0.8202991218000001,
      "true_negative": 72320,
      "false_positive": 27680,
      "false_negative": 11345,
      "true_positive": 88655,
      "specificity": 0.7232,
      "optimal_threshold": 0.5848484848484848
    }
  },
  "poisoning_info": {
    "total_malware": 300000,
    "poisoned_samples": 60000,
    "poison_rate": 0.2,
    "attack_type": "Label Flipping (Malware->Benign)",
    "poison_indices_sample": [
      57719,
      141851,
      262782,
      598611,
      362977,
      97103,
      497473,
      282376,
      194633,
      453360,
      315535,
      327860,
      240594,
      492336,
      410443,
      487864,
      528162,
      434426,
      597796,
      458221,
      200864,
      512547,
      132747,
      228578,
      265284,
      436948,
      203115,
      425466,
      166352,
      554400,
      172685,
      591592,
      91864,
      427123,
      530706,
      594836,
      298878,
      132749,
      83480,
      230763,
      184404,
      115340,
      199557,
      291475,
      96971,
      155801,
      281127,
      317841,
      92484,
      543664,
      261826,
      401330,
      456321,
      181529,
      215284,
      513476,
      304449,
      321339,
      278049,
      546846,
      423810,
      238778,
      88482,
      61714,
      215488,
      215451,
      320365,
      588124,
      222386,
      239420,
      72053,
      338362,
      340639,
      135798,
      210157,
      547744,
      174761,
      329402,
      591923,
      404033,
      268136,
      231619,
      509542,
      161197,
      567829,
      411906,
      259008,
      204143,
      82750,
      76726,
      466040,
      208802,
      519264,
      541172,
      324658,
      227804,
      434924,
      496622,
      577893,
      393171
    ]
  },
  "noisy": {
    "test": {
      "accuracy": 0.809415,
      "precision": 0.7783585379238375,
      "recall": 0.8652,
      "f1_score": 0.8194850277281833,
      "auc_roc": 0.8471950299,
      "true_negative": 75363,
      "false_positive": 24637,
      "false_negative": 13480,
      "true_positive": 86520,
      "specificity": 0.75363
    }
  },
  "noise_statistics": {
    "fc1.weight": {
      "shape": [
        4000,
        2255
      ],
      "noise_std": 0.0001,
      "mean_shift": 2.7423084247857332e-08,
      "std_change": 5.122274160385132e-07,
      "original_mean": -6.876890984131023e-05,
      "original_std": 0.010383324697613716,
      "new_mean": -6.874148675706238e-05,
      "new_std": 0.010383836925029755
    },
    "bn1.weight": {
      "shape": [
        4000
      ],
      "noise_std": 0.0001,
      "mean_shift": -5.960464477539062e-07,
      "std_change": -1.0281801223754883e-06,
      "original_mean": 0.5476526021957397,
      "original_std": 0.19814586639404297,
      "new_mean": 0.547652006149292,
      "new_std": 0.1981448382139206
    },
    "fc2.weight": {
      "shape": [
        2000,
        4000
      ],
      "noise_std": 0.0001,
      "mean_shift": 4.423782229423523e-09,
      "std_change": 2.738088369369507e-07,
      "original_mean": 0.0005526536842808127,
      "original_std": 0.01995164342224598,
      "new_mean": 0.0005526581080630422,
      "new_std": 0.019951917231082916
    },
    "bn2.weight": {
      "shape": [
        2000
      ],
      "noise_std": 0.0001,
      "mean_shift": 1.6093254089355469e-06,
      "std_change": -6.780028343200684e-07,
      "original_mean": 0.754092812538147,
      "original_std": 0.11054881662130356,
      "new_mean": 0.7540944218635559,
      "new_std": 0.11054813861846924
    },
    "fc3.weight": {
      "shape": [
        100,
        2000
      ],
      "noise_std": 0.0001,
      "mean_shift": -1.1641532182693481e-08,
      "std_change": 0.0,
      "original_mean": -0.005238807760179043,
      "original_std": 0.04739648476243019,
      "new_mean": -0.0052388194017112255,
      "new_std": 0.04739648476243019
    },
    "bn3.weight": {
      "shape": [
        100
      ],
      "noise_std": 0.0001,
      "mean_shift": 7.033348083496094e-06,
      "std_change": 1.0021030902862549e-05,
      "original_mean": 0.852806806564331,
      "original_std": 0.07390204071998596,
      "new_mean": 0.8528138399124146,
      "new_std": 0.07391206175088882
    },
    "output.weight": {
      "shape": [
        1,
        100
      ],
      "noise_std": 0.0001,
      "mean_shift": 1.2356787919998169e-05,
      "std_change": 1.1309981346130371e-05,
      "original_mean": -0.03993558511137962,
      "original_std": 0.10041455924510956,
      "new_mean": -0.039923228323459625,
      "new_std": 0.10042586922645569
    }
  }
}