{
  "n_removed": 3019,
  "n_remaining": 596981,
  "removal_rate": 0.005031666666666667,
  "ground_truth": {
    "n_poison": 3000,
    "true_positives": 40,
    "false_positives": 2979,
    "true_negatives": 594021,
    "false_negatives": 2960,
    "precision": 0.013249420337860219,
    "recall": 0.013333333333333334,
    "f1_score": 0.013291244392756273
  }
}